id,username,password
1,z7kq2,118347
2,r3mta,905337
3,d9qwe,792615
4,k2pzs,774028
5,y8nkd,775942
6,t4sfg,772953
7,v9hpe,950381
8,n2jxd,508113
9,g5mrf,131906
10,p8bzy,792615
11,w4kqh,593151
12,e7mwc,705337
13,c3zrt,300487
14,b9xne,482991
15,j2kqp,20787
16,h8szm,345192
17,q5mnb,520991
18,a4trv,267530
19,f7vdq,225941
20,s3ypl,633809
21,m9hjd,468862
22,u2xgb,609381
23,x5lvn,610491
24,l8cwr,593437
25,o4jtm,220787
26,i7zqp,905337
27,b2rkv,610050
28,y6fdp,442717
29,g1kzs,350254
30,f9wmc,534775
31,z3qnb,772953
32,d6hkx,780563
33,c8pmw,550174
34,k9rty,887154
35,a7vsd,517664
36,t1bqz,536042
37,r6jwn,220787
38,p4xme,443098
39,s9gkv,398207
40,v3ltp,913226
41,q8hnc,520248
42,e2zrj,702945
43,n4xvs,136042
44,m1qhd,644915
45,j9rte,610862
46,w6mzp,950381
47,h3kqc,660218
48,u5xjd,410929
49,o8tnw,742199
50,y1rkc,610801
51,c7dmq,567792
52,x9vhe,350243
53,p3wsn,660218
54,r1kqp,887154
55,z6fbt,610929
56,m2rcv,880563
57,g8xne,119824
58,j4kmd,517664
59,a1rvp,131906
60,d7qws,593437
61,t8zkc,913226
62,h5pwn,742199
63,n3tqy,701935
64,f4msz,398207
65,b8xjw,508113
66,w7cpl,136042
67,s2jmk,260292
68,e9rhd,339504
69,l6vct,663284
70,k3zpf,220787
71,o5nhq,557419
72,v1xsg,610124
73,y9kmr,443098
74,q6dzp,357419
75,c5nhx,131906
76,p7kqb,118347
77,x2brn,242199
78,m4tpz,660218
79,z8lgh,774028
80,g6mvc,520248
81,j1qnt,220787
82,r8wdk,300487
83,d5ptc,702945
84,t9kzh,913226
85,h2xpv,225941
86,n7mdr,745009
87,f3zlc,905337
88,b6tvq,557419
89,w9rkp,136042
90,e1jnh,517664
91,o3sgx,443098
92,y4pbm,660218
93,s8fqw,880563
94,k5xrd,345192
95,q7znv,702945
96,p2hkm,913226
97,v6mdx,742199
98,a9jtw,508113
99,l4qgr,267530
